,ObjectID,NAME,STATE_NAME,STATE_FIPS,CNTY_FIPS,FIPS,POP2000,POP00_SQMI,POP2010,POP10_SQMI,WHITE,BLACK,AMERI_ES,ASIAN,HAWN_PI,HISPANIC,OTHER,MULT_RACE,MALES,FEMALES,AGE_UNDER5,AGE_5_9,AGE_10_14,AGE_15_19,AGE_20_24,AGE_25_34,AGE_35_44,AGE_45_54,AGE_55_64,AGE_65_74,AGE_75_84,AGE_85_UP,MED_AGE,MED_AGE_M,MED_AGE_F,HOUSEHOLDS,AVE_HH_SZ,HSEHLD_1_M,HSEHLD_1_F,MARHH_CHD,MARHH_NO_C,MHH_CHILD,FHH_CHILD,FAMILIES,AVE_FAM_SZ,HSE_UNITS,VACANT,OWNER_OCC,RENTER_OCC,NO_FARMS07,AVG_SIZE07,CROP_ACR07,AVG_SALE07,SQMI,geometry
0,1008,Norton,Kansas,20,137,20137,5953,6.8,5671,6.4,5358,165,13,30,1,240,34,70,3170,2501,282,305,308,332,300,722,711,962,692,510,338,209,43.3,40.6,46.7,2163,2.24,339,378,384,724,52,118,1353,2.83,2542,379,1602,561,388.0,1369.0,301450.0,271.79,881.41,"POLYGON ((-100.1639096030872 39.55914300405648, -100.1793979229932 39.56066500673506, -100.1809106527488 40.00047871132981, -99.62785937902335 40.0029878399798, -99.62504486556089 39.55948232051477, -100.1639096030872 39.55914300405648))"
1,1009,Phillips,Kansas,20,147,20147,6001,6.7,5642,6.3,5472,23,23,41,0,121,24,59,2794,2848,349,379,395,350,209,555,564,840,861,548,391,201,45.2,43.8,46.4,2432,2.29,351,397,461,893,77,103,1617,2.84,3049,617,1848,584,507.0,976.0,240106.0,149.45,894.81,"POLYGON ((-99.62504486556089 39.55948232051477, -99.62785937902335 40.0029878399798, -99.17820104199068 39.99957706202345, -99.06474698377924 39.99833796120423, -99.06217828048389 39.56156826196663, -99.60181230799581 39.55777351246999, -99.62504486556089 39.55948232051477))"
2,1010,Rawlins,Kansas,20,153,20153,2966,2.8,2519,2.4,2449,8,5,5,0,80,30,22,1255,1264,130,113,134,143,86,220,207,387,427,306,246,120,51.3,50.4,52.4,1176,2.11,204,217,166,442,24,38,715,2.71,1458,282,879,297,339.0,1742.0,329714.0,226.43,1069.75,"POLYGON ((-100.7378453126822 39.56622321753807, -101.3852828728043 39.565317993753, -101.4067601022972 39.56714880031065, -101.4073933548752 40.00100369346544, -101.3221486164933 40.00182105759963, -100.754855894287 40.00019829606435, -100.735049448674 39.99917231706335, -100.7378453126822 39.56622321753807))"
3,1011,Cheyenne,Kansas,20,023,20023,3165,3.1,2726,2.7,2664,2,6,19,0,142,16,19,1375,1351,140,159,162,166,73,238,258,417,396,279,284,154,50.0,47.4,51.6,1260,2.12,220,239,223,444,26,46,773,2.75,1518,258,971,289,422.0,1367.0,346766.0,196.24,1020.88,"POLYGON ((-102.0488015982597 39.56280352928694, -102.0494425178356 39.56869333774638, -102.0515356082449 39.99891827005396, -101.4073933548752 40.00100369346544, -101.4067601022972 39.56714880031065, -102.0488015982597 39.56280352928694))"
4,1012,Decatur,Kansas,20,039,20039,3472,3.9,2961,3.3,2883,17,13,7,0,30,13,28,1483,1478,150,157,155,139,97,238,260,481,476,329,323,156,51.3,50.0,52.8,1378,2.09,252,246,199,521,19,47,841,2.68,1818,440,1067,311,303.0,1595.0,283707.0,459.1,894.19,"POLYGON ((-100.7378453126822 39.56622321753807, -100.735049448674 39.99917231706335, -100.1911116451739 40.00058553125912, -100.1809106527488 40.00047871132981, -100.1793979229932 39.56066500673506, -100.717573511383 39.56473929082848, -100.7378453126822 39.56622321753807))"
5,1013,Republic,Kansas,20,157,20157,5835,8.1,4980,6.9,4879,25,12,15,0,53,16,33,2447,2533,253,256,259,267,169,404,446,808,771,556,506,285,50.6,49.6,51.7,2274,2.14,353,392,371,906,31,87,1465,2.69,2877,603,1776,498,682.0,596.0,282884.0,217.09,720.37,"POLYGON ((-97.92781222617839 39.64815804042846, -97.92958869029866 39.99845286256369, -97.81658931614133 39.99972921048727, -97.36191184114 39.99738020812316, -97.36093802880671 39.6497426741907, -97.92781222617839 39.64815804042846))"
6,1014,Doniphan,Kansas,20,043,20043,8249,20.7,7945,20.0,7396,243,82,16,0,165,28,180,4006,3939,453,466,523,774,539,797,952,1127,1028,637,434,215,39.6,37.8,41.3,3136,2.4,449,460,635,1021,86,194,2081,2.93,3576,440,2310,826,573.0,432.0,180578.0,130.81,398.19,"POLYGON ((-95.32991150075379 39.64778085521733, -95.32970133176582 39.99259501719659, -95.30869722856508 39.99940755920642, -95.24096153025535 39.94210581608722, -95.20759760489408 39.93817627247998, -95.19396340336347 39.91018007446873, -95.1505514111014 39.90805465833881, -95.10072255608272 39.86986497948809, -95.06324627065904 39.86653796866351, -95.03350650409254 39.87784430387811, -95.02177252653242 39.89697869568758, -94.96502373973014 39.90082353969035, -94.93824374515269 39.89608181235285, -94.93651115905381 39.84938606563914, -94.92387625744388 39.83313161579394, -94.89832458844545 39.82833274860095, -94.88850513277069 39.81739986870663, -94.89932362934593 39.79377541358323, -94.93326765634079 39.78277373792454, -94.93511390050219 39.77542663003178, -94.92180000334739 39.75784086817715, -94.87706757792419 39.76067921149776, -94.87118502203028 39.75411797088321, -94.87786074957197 39.73930553827971, -94.9056781200391 39.72675518086213, -94.93085581567685 39.72702590877221, -94.95314212065762 39.73650143742917, -94.96178640169781 39.73203820860768, -94.97857059965027 39.68498807046019, -95.02829206489521 39.66191346341135, -95.05601717236812 39.62568974785715, -95.09572900930954 39.62191758492171, -95.11926669266687 39.6467477272589, -95.32991150075379 39.64778085521733))"
7,1016,Smith,Kansas,20,183,20183,4536,5.1,3853,4.3,3733,10,11,7,4,57,27,61,1889,1964,189,210,218,232,125,319,334,642,566,417,384,217,49.6,48.8,50.6,1748,2.17,248,316,283,702,46,58,1138,2.7,2232,484,1380,368,489.0,935.0,285271.0,165.32,896.6,"POLYGON ((-98.50469755417072 39.56034009179972, -99.04132627394294 39.56025223214884, -99.06217828048389 39.56156826196663, -99.06474698377924 39.99833796120423, -98.72063233174447 39.99846130662212, -98.50447914834047 39.99712968378846, -98.50469755417072 39.56034009179972))"
8,1017,Jewell,Kansas,20,089,20089,3791,4.1,3077,3.4,2994,5,20,6,0,63,13,39,1574,1503,149,147,163,150,115,230,261,462,537,407,340,116,52.3,50.7,53.7,1450,2.1,259,239,216,567,20,47,903,2.68,2032,582,1152,298,525.0,898.0,290760.0,192.83,914.5,"POLYGON ((-97.92981838940952 39.55930074735656, -98.48684401723627 39.55900494629138, -98.50469755417072 39.56034009179972, -98.50447914834047 39.99712968378846, -98.26416575243724 39.99843478295393, -97.92958869029866 39.99845286256369, -97.92781222617839 39.64815804042846, -97.92981838940952 39.55930074735656))"
9,1018,Washington,Kansas,20,201,20201,6483,7.2,5799,6.5,5632,25,14,19,0,144,56,53,2939,2860,339,329,403,361,211,547,604,886,776,629,465,249,46.2,44.1,48.2,2474,2.3,393,401,521,908,44,73,1621,2.9,2955,481,1949,525,817.0,671.0,326005.0,185.86,898.74,"POLYGON ((-96.80144839364831 39.56280855427877, -96.9514446586484 39.56200414115443, -97.35986081561072 39.56440230555196, -97.36093802880671 39.6497426741907, -97.36191184114 39.99738020812316, -96.90828754226035 39.99615478357035, -96.80142031585895 39.9944759700644, -96.80144839364831 39.56280855427877))"
10,1020,Nemaha,Kansas,20,131,20131,10717,14.9,10178,14.1,9902,57,47,15,4,121,49,104,5145,5033,663,710,793,687,362,1050,1124,1563,1177,813,777,459,42.5,41.1,44.0,4115,2.41,645,642,964,1374,77,158,2691,3.05,4562,447,3226,889,1054.0,427.0,287855.0,139.37,719.56,"POLYGON ((-96.23464749899244 39.5597310317081, -96.24059853982649 39.9945031671851, -96.00125372404857 39.99515895452031, -95.78070020192693 39.99348946574145, -95.78373441632064 39.6461796959665, -95.78623624060107 39.56182381129316, -96.03037899109928 39.55821923442529, -96.23464749899244 39.5597310317081))"
11,1021,Marshall,Kansas,20,117,20117,10965,12.1,10117,11.2,9849,27,33,23,3,193,50,132,5003,5114,655,667,638,567,421,1095,993,1612,1335,956,773,405,45.1,43.8,46.0,4300,2.31,602,715,865,1541,99,189,2838,2.87,4866,566,3350,950,913.0,564.0,338554.0,121.59,905.14,"POLYGON ((-96.80144839364831 39.56280855427877, -96.80142031585895 39.9944759700644, -96.45403827944898 39.99417276102159, -96.24059853982649 39.9945031671851, -96.23464749899244 39.5597310317081, -96.57819204757324 39.56011386355951, -96.80144839364831 39.56280855427877))"
12,1022,Brown,Kansas,20,013,20013,10724,18.7,9984,17.5,8494,123,924,31,1,306,90,321,4867,5117,725,703,651,688,437,1075,1046,1474,1356,896,621,312,42.1,40.2,44.0,4094,2.41,507,677,796,1332,135,304,2738,2.93,4779,685,2917,1177,637.0,544.0,254503.0,182.68,572.08,"POLYGON ((-95.78373441632064 39.6461796959665, -95.78070020192693 39.99348946574145, -95.32970133176582 39.99259501719659, -95.32991150075379 39.64778085521733, -95.5496889983647 39.64662262050366, -95.78373441632064 39.6461796959665))"
13,1092,Cloud,Kansas,20,029,20029,10268,14.3,9533,13.3,9189,51,30,20,1,283,105,137,4657,4876,619,590,527,790,631,979,937,1283,1229,868,689,391,42.1,39.0,44.6,3910,2.31,504,685,748,1297,115,216,2528,2.84,4659,749,2825,1085,466.0,824.0,253789.0,152.76,718.01,"POLYGON ((-97.36198374514673 39.30856624366457, -97.92283624097456 39.30280610071584, -97.92213548773314 39.55772134580228, -97.92981838940952 39.55930074735656, -97.92781222617839 39.64815804042846, -97.36093802880671 39.6497426741907, -97.35986081561072 39.56440230555196, -97.36198374514673 39.30856624366457))"
14,1093,Atchison,Kansas,20,005,20005,16774,38.7,16924,39.0,15395,853,93,70,8,383,89,416,8236,8688,1106,1142,1143,1536,1561,1764,1850,2337,1884,1324,884,393,36.2,34.6,37.8,6241,2.49,789,965,1285,1873,214,496,4166,3.03,6990,749,4375,1866,711.0,357.0,172361.0,89.99,433.79,"POLYGON ((-95.56531206057728 39.41345346787477, -95.5496889983647 39.64662262050366, -95.32991150075379 39.64778085521733, -95.11926669266687 39.6467477272589, -95.09572900930954 39.62191758492171, -95.05601717236812 39.62568974785715, -95.05361310231008 39.58677615935937, -95.1089880977906 39.5606919966396, -95.10203697997528 39.53284856874064, -95.04759927498024 39.48532882697569, -95.04051144630485 39.46294072705743, -94.98620423568514 39.43946163406869, -94.95849389236349 39.41144720103556, -95.16974138864519 39.41306866746985, -95.56531206057728 39.41345346787477))"
15,1094,Jackson,Kansas,20,085,20085,12657,19.2,13462,20.5,11743,73,1076,48,1,438,97,424,6744,6718,906,999,1041,905,607,1355,1725,2064,1787,1130,663,280,40.8,39.6,41.9,5228,2.55,593,709,1227,1766,145,339,3712,3.04,5779,551,4058,1170,1127.0,301.0,146775.0,46.14,657.96,"POLYGON ((-95.58632331273546 39.21507456122488, -96.03025357351981 39.21314330663478, -96.03037899109928 39.55821923442529, -95.78623624060107 39.56182381129316, -95.78373441632064 39.6461796959665, -95.5496889983647 39.64662262050366, -95.56531206057728 39.41345346787477, -95.58202855065021 39.4133388255355, -95.58632331273546 39.21507456122488))"
16,1114,Sherman,Kansas,20,181,20181,6760,6.4,6010,5.7,5596,39,17,17,7,647,230,104,3005,3005,400,369,376,385,363,688,621,872,791,578,410,157,41.9,39.3,44.7,2608,2.27,410,454,482,808,58,153,1617,2.85,3148,540,1766,842,436.0,1509.0,529976.0,370.02,1056.21,"POLYGON ((-101.4731597226259 39.12795829831029, -102.0478747203861 39.12675349176517, -102.0488015982597 39.56280352928694, -101.4067601022972 39.56714880031065, -101.3852828728043 39.565317993753, -101.3871589042884 39.12927096086551, -101.4731597226259 39.12795829831029))"
17,1115,Thomas,Kansas,20,193,20193,8180,7.6,7900,7.3,7509,49,36,38,6,370,178,84,3884,4016,518,479,511,747,648,899,804,1131,947,587,412,217,36.7,35.7,37.7,3196,2.36,460,507,675,981,94,169,2045,2.93,3536,340,2162,1034,464.0,1417.0,561336.0,454.8,1074.88,"POLYGON ((-100.7157390267385 39.12911254411293, -100.8082781883051 39.12875773824684, -101.3871589042884 39.12927096086551, -101.3852828728043 39.565317993753, -100.7378453126822 39.56622321753807, -100.717573511383 39.56473929082848, -100.7157390267385 39.12911254411293))"
18,1116,Sheridan,Kansas,20,179,20179,2813,3.1,2556,2.9,2475,3,11,5,0,84,34,28,1300,1256,171,175,160,131,100,228,241,431,356,245,226,92,46.7,45.6,48.0,1099,2.3,170,166,231,406,31,33,737,2.86,1265,166,868,231,380.0,1374.0,369269.0,776.12,896.57,"POLYGON ((-100.161808690268 39.12528868074612, -100.7157390267385 39.12911254411293, -100.717573511383 39.56473929082848, -100.1793979229932 39.56066500673506, -100.1639096030872 39.55914300405648, -100.161808690268 39.12528868074612))"
19,1117,Clay,Kansas,20,027,20027,8822,13.5,8535,13.0,8301,34,38,26,2,162,29,105,4225,4310,579,530,559,528,350,927,957,1176,1185,796,609,339,43.3,41.8,44.8,3559,2.36,471,570,735,1269,71,204,2380,2.89,4042,483,2678,881,583.0,602.0,216556.0,135.32,655.53,"POLYGON ((-97.36112747617892 39.12570233600101, -97.36198374514673 39.30856624366457, -97.35986081561072 39.56440230555196, -96.9514446586484 39.56200414115443, -96.94936374218835 39.21612535436077, -96.95741279481545 39.12566078916138, -97.36112747617892 39.12570233600101))"
20,1121,Riley,Kansas,20,161,20161,62843,101.0,71115,114.3,59203,4530,433,2996,144,4610,1300,2509,37040,34075,4835,3704,2945,7408,18325,12416,5787,5630,4857,2535,1752,921,24.5,24.3,24.9,25796,2.4,3441,3640,4831,5992,404,1805,14010,2.92,28212,2416,10793,15003,532.0,436.0,103096.0,88.0,622.2,"POLYGON ((-96.57819204757324 39.56011386355951, -96.70766277508888 39.44577944750193, -96.71339913998351 39.39516177237478, -96.63353062481404 39.29766486062623, -96.5960916901028 39.27032481257845, -96.58454006276148 39.24763112063157, -96.57217246999502 39.24577726127637, -96.57128739798129 39.23258235800016, -96.55545603172614 39.22922934154778, -96.547521207006 39.2148442922696, -96.52180179652788 39.19974600497649, -96.52528846740201 39.19217007864155, -96.54797122869657 39.19080820224886, -96.5444386594435 39.17296326478495, -96.52039024006137 39.17699543219431, -96.50513866461559 39.16549048029252, -96.48611057469503 39.17425655262942, -96.45856797285307 39.16860317780596, -96.44564364207481 39.18351082623396, -96.40444414853296 39.1777468497863, -96.38727002157567 39.1684161652236, -96.39164849898866 39.03877909493734, -96.4914354083004 39.03694440307675, -96.49354890950124 39.06653082968651, -96.69806017112319 39.06962005997009, -96.70038726037862 39.08831567156555, -96.73910741259314 39.07710045965631, -96.7494074025377 39.08294063984597, -96.8406419311752 39.08548877693767, -96.8442662453821 39.21405029175719, -96.94936374218835 39.21612535436077, -96.9514446586484 39.56200414115443, -96.80144839364831 39.56280855427877, -96.57819204757324 39.56011386355951))"
21,1123,Rooks,Kansas,20,163,20163,5685,6.4,5181,5.8,5049,24,17,19,3,107,20,49,2533,2648,325,333,349,339,225,526,545,803,712,477,369,178,44.1,42.4,45.6,2238,2.28,337,364,443,735,70,122,1455,2.85,2768,530,1740,498,419.0,1340.0,314158.0,207.25,895.15,"POLYGON ((-99.5886995141221 39.12913637397106, -99.60295178964721 39.1284458261254, -99.60181230799581 39.55777351246999, -99.06217828048389 39.56156826196663, -99.04132627394294 39.56025223214884, -99.04169677643297 39.12904312670008, -99.5886995141221 39.12913637397106))"
22,1125,Osborne,Kansas,20,141,20141,4452,5.0,3858,4.3,3765,8,19,18,0,46,10,38,1918,1940,209,187,241,249,145,360,347,633,513,422,358,194,48.1,46.5,49.6,1742,2.16,295,324,296,595,33,90,1066,2.76,2206,464,1335,407,378.0,1111.0,218719.0,138.02,894.21,"POLYGON ((-99.04169677643297 39.12904312670008, -99.04132627394294 39.56025223214884, -98.50469755417072 39.56034009179972, -98.48684401723627 39.55900494629138, -98.48821159207328 39.21164130031542, -98.48992837794013 39.1273370642694, -99.02749791087253 39.12785681419704, -99.04169677643297 39.12904312670008))"
23,1126,Pottawatomie,Kansas,20,149,20149,18209,21.1,21604,25.1,20212,227,168,144,12,957,287,554,10716,10888,1836,1739,1783,1586,1098,2809,2611,3075,2407,1376,884,400,34.8,33.8,36.0,7878,2.7,834,993,2259,2470,212,431,5656,3.23,8626,748,6202,1676,843.0,508.0,164920.0,100.86,861.8,"POLYGON ((-96.57819204757324 39.56011386355951, -96.23464749899244 39.5597310317081, -96.03037899109928 39.55821923442529, -96.03025357351981 39.21314330663478, -96.03296903765887 39.12200793092875, -96.05957336473861 39.1395208044999, -96.09732447059149 39.15115526650027, -96.09466946176644 39.16284334568147, -96.07101024613259 39.16135952257995, -96.06608166162485 39.17158657243698, -96.07415376704949 39.1828359232082, -96.10754846401019 39.19745352081941, -96.12561512276288 39.18643293668632, -96.23190255835495 39.20459797130989, -96.24586462765114 39.20064977824846, -96.26959222461706 39.17668238038401, -96.31614763418794 39.18226706305118, -96.34284318818111 39.1579563598174, -96.3616882026263 39.16872129101587, -96.38727002157567 39.1684161652236, -96.40444414853296 39.1777468497863, -96.44564364207481 39.18351082623396, -96.45856797285307 39.16860317780596, -96.48611057469503 39.17425655262942, -96.50513866461559 39.16549048029252, -96.52039024006137 39.17699543219431, -96.5444386594435 39.17296326478495, -96.54797122869657 39.19080820224886, -96.52528846740201 39.19217007864155, -96.52180179652788 39.19974600497649, -96.547521207006 39.2148442922696, -96.55545603172614 39.22922934154778, -96.57128739798129 39.23258235800016, -96.57217246999502 39.24577726127637, -96.58454006276148 39.24763112063157, -96.5960916901028 39.27032481257845, -96.63353062481404 39.29766486062623, -96.71339913998351 39.39516177237478, -96.70766277508888 39.44577944750193, -96.57819204757324 39.56011386355951))"
24,1127,Graham,Kansas,20,065,20065,2946,3.3,2597,2.9,2385,99,17,9,0,59,12,75,1270,1327,144,123,143,130,103,249,225,433,381,337,248,81,49.3,48.1,50.4,1196,2.14,177,220,196,447,24,44,742,2.7,1484,288,930,266,475.0,1084.0,308210.0,121.37,898.79,"POLYGON ((-100.161808690268 39.12528868074612, -100.1639096030872 39.55914300405648, -99.62504486556089 39.55948232051477, -99.60181230799581 39.55777351246999, -99.60295178964721 39.1284458261254, -100.1493647383474 39.12470122293894, -100.161808690268 39.12528868074612))"
25,1128,Mitchell,Kansas,20,123,20123,6932,9.6,6373,8.9,6244,13,24,19,5,73,17,51,3218,3155,378,359,398,450,292,640,624,960,931,559,532,250,45.5,42.8,47.7,2790,2.2,443,480,496,963,54,128,1725,2.77,3296,506,1991,799,396.0,1122.0,302845.0,323.37,719.21,"POLYGON ((-98.48821159207328 39.21164130031542, -98.48684401723627 39.55900494629138, -97.92981838940952 39.55930074735656, -97.92213548773314 39.55772134580228, -97.92283624097456 39.30280610071584, -97.92485820443773 39.21350779985623, -98.48821159207328 39.21164130031542))"
26,1152,Jefferson,Kansas,20,087,20087,18426,33.1,19126,34.4,18419,104,171,39,6,339,60,327,9698,9428,1097,1275,1448,1317,803,1871,2394,3319,2650,1677,914,361,42.6,41.8,43.3,7366,2.56,799,793,1768,2707,258,407,5440,2.97,8160,794,6194,1172,1137.0,251.0,155628.0,53.95,556.71,"POLYGON ((-95.18170630861313 39.0375420662797, -95.34821303902129 39.03410414300668, -95.38274410939101 39.05397840010735, -95.43335831364753 39.06645597284952, -95.49610357342644 39.0545197005154, -95.5404468469054 39.06392664062415, -95.5889788396009 39.05852513704042, -95.59919480339349 39.09352456773067, -95.58693387514424 39.14198968141125, -95.58632331273546 39.21507456122488, -95.58202855065021 39.4133388255355, -95.56531206057728 39.41345346787477, -95.16974138864519 39.41306866746985, -95.18170630861313 39.0375420662797))"
27,1153,Leavenworth,Kansas,20,103,20103,68691,146.4,76227,162.4,63879,7171,584,965,101,4308,1015,2512,40466,35761,5187,5491,5294,4926,4166,10267,11376,11990,9104,4785,2626,1015,37.3,36.7,38.2,26447,2.63,2855,3165,6958,8394,742,1999,19309,3.1,28697,2250,17907,8540,1203.0,162.0,102544.0,27.61,469.31,"POLYGON ((-94.90498249539758 38.99223777606519, -94.91665581042753 38.98786230328649, -94.93395986191571 38.9933247284206, -94.95121034802712 38.97969871192821, -95.01701572421945 38.99360633517896, -95.0371347036024 38.97421639404296, -95.0519359465334 38.9745329167239, -95.07409211976712 38.9788622839075, -95.10017742217575 38.95886203938292, -95.12721654055845 38.96843268025629, -95.15964965093917 38.97054954871969, -95.17917360912519 38.96428198520469, -95.18170630861313 39.0375420662797, -95.16974138864519 39.41306866746985, -94.95849389236349 39.41144720103556, -94.92574798919267 39.38126611585713, -94.89828164289675 39.38064068568904, -94.9113435133997 39.34012174181323, -94.90768138224402 39.32302848096151, -94.88110777495967 39.28604588803364, -94.83347655090186 39.26176600820332, -94.8208192699469 39.21100462867077, -94.79004927644817 39.19688295112908, -94.90295928863748 39.19749656997617, -94.90498249539758 38.99223777606519))"
28,1180,Ottawa,Kansas,20,143,20143,6163,8.5,6091,8.4,5889,49,24,9,0,121,33,87,3144,2947,350,401,496,414,208,619,730,1012,795,567,374,125,42.5,40.8,44.5,2456,2.44,360,291,554,887,79,127,1724,2.92,2779,323,1997,459,546.0,801.0,263812.0,140.94,721.44,"POLYGON ((-97.92554704275008 38.95861881941778, -97.92485820443773 39.21350779985623, -97.92283624097456 39.30280610071584, -97.36198374514673 39.30856624366457, -97.36112747617892 39.12570233600101, -97.36377512883037 38.95429913958956, -97.92554704275008 38.95861881941778))"
29,1200,Geary,Kansas,20,061,20061,27947,69.1,34362,84.9,22738,6319,339,1101,264,4252,1221,2380,16994,17368,3814,2995,2438,2326,3667,6202,4091,3607,2594,1402,899,327,27.7,27.0,28.5,12690,2.64,1516,1545,3316,3116,360,1738,8990,3.14,14517,1827,5944,6746,229.0,648.0,60488.0,111.76,404.56,"POLYGON ((-96.89050197222564 38.86091842140234, -96.92114235201768 38.86296297142669, -96.92339246047051 38.96831824513318, -96.95765694725331 38.96050210346738, -96.95741279481545 39.12566078916138, -96.94936374218835 39.21612535436077, -96.8442662453821 39.21405029175719, -96.8406419311752 39.08548877693767, -96.7494074025377 39.08294063984597, -96.73910741259314 39.07710045965631, -96.70038726037862 39.08831567156555, -96.69806017112319 39.06962005997009, -96.49354890950124 39.06653082968651, -96.4914354083004 39.03694440307675, -96.49211554353413 38.86359674204513, -96.89050197222564 38.86091842140234))"
30,1201,Shawnee,Kansas,20,177,20177,169871,305.6,177934,320.1,144412,15280,2177,2085,126,19303,6474,7380,85996,91938,12396,12543,11901,11732,11077,23217,20786,25559,23111,13204,8618,3790,38.0,36.5,39.4,72600,2.39,9583,12815,13626,19693,2180,6442,45679,2.99,79140,6540,47715,24885,885.0,233.0,125104.0,44.83,555.79,"POLYGON ((-95.94111612420265 38.86323173078328, -95.94282519126763 39.08895053006881, -95.97274103976416 39.10935494970906, -95.99266197230436 39.11296356729201, -95.99344032799685 39.12616603395799, -96.0149175056857 39.11712907829887, -96.03296903765887 39.12200793092875, -96.03025357351981 39.21314330663478, -95.58632331273546 39.21507456122488, -95.58693387514424 39.14198968141125, -95.59919480339349 39.09352456773067, -95.5889788396009 39.05852513704042, -95.5404468469054 39.06392664062415, -95.49610357342644 39.0545197005154, -95.49662430763084 38.86153380158677, -95.94111612420265 38.86323173078328))"
31,1203,Lincoln,Kansas,20,105,20105,3578,5.0,3241,4.5,3158,9,17,6,0,72,24,27,1618,1623,209,203,226,189,99,307,324,525,500,269,250,140,46.4,44.8,47.8,1423,2.24,238,229,241,494,44,72,896,2.83,1864,441,1124,299,473.0,914.0,228757.0,117.94,720.28,"POLYGON ((-97.92673775859647 38.86204303529442, -98.48213233624163 38.85823745875354, -98.48172645159266 39.12486891261459, -98.48992837794013 39.1273370642694, -98.48821159207328 39.21164130031542, -97.92485820443773 39.21350779985623, -97.92554704275008 38.95861881941778, -97.92673775859647 38.86204303529442))"
32,1205,Wabaunsee,Kansas,20,197,20197,6885,8.6,7053,8.8,6808,29,36,10,0,205,23,147,3593,3460,465,510,531,427,268,744,774,1226,997,608,377,126,42.6,42.1,43.0,2737,2.54,345,297,663,1049,65,113,1985,3.01,3227,490,2286,451,660.0,713.0,127540.0,93.97,799.72,"POLYGON ((-95.94203968661769 38.73478599799189, -96.35165629858582 38.73256111810626, -96.37924479880672 38.73506729392601, -96.38164747015568 38.81868346872027, -96.49268057019223 38.82095704440296, -96.49211554353413 38.86359674204513, -96.4914354083004 39.03694440307675, -96.39164849898866 39.03877909493734, -96.38727002157567 39.1684161652236, -96.3616882026263 39.16872129101587, -96.34284318818111 39.1579563598174, -96.31614763418794 39.18226706305118, -96.26959222461706 39.17668238038401, -96.24586462765114 39.20064977824846, -96.23190255835495 39.20459797130989, -96.12561512276288 39.18643293668632, -96.10754846401019 39.19745352081941, -96.07415376704949 39.1828359232082, -96.06608166162485 39.17158657243698, -96.07101024613259 39.16135952257995, -96.09466946176644 39.16284334568147, -96.09732447059149 39.15115526650027, -96.05957336473861 39.1395208044999, -96.03296903765887 39.12200793092875, -96.0149175056857 39.11712907829887, -95.99344032799685 39.12616603395799, -95.99266197230436 39.11296356729201, -95.97274103976416 39.10935494970906, -95.94282519126763 39.08895053006881, -95.94111612420265 38.86323173078328, -95.94203968661769 38.73478599799189))"
33,1209,Wyandotte,Kansas,20,209,20209,157882,1011.4,157505,1009.0,86056,39742,1297,3958,169,41633,20378,5905,77702,79803,13712,12424,11401,11153,10859,23849,19762,21180,16360,8974,5521,2310,33.0,32.0,34.0,58399,2.67,8001,8664,11321,11978,2455,7458,38155,3.3,66747,8348,35231,23168,191.0,95.0,12409.0,26.76,156.1,"POLYGON ((-94.90498249539758 38.99223777606519, -94.90295928863748 39.19749656997617, -94.79004927644817 39.19688295112908, -94.73053094208966 39.17125642529366, -94.67551380891355 39.17492233814423, -94.64640682868874 39.15842782838029, -94.61265344055901 39.15164926982032, -94.60122432977094 39.14122764399117, -94.60813680177286 39.11280095441222, -94.60928136022011 39.04466766009983, -94.86872629871065 39.04482680210897, -94.88412292546687 39.03883390361106, -94.90498249539758 38.99223777606519))"
34,1221,Logan,Kansas,20,109,20109,3046,2.8,2756,2.6,2647,21,13,10,0,80,30,35,1363,1393,151,178,186,175,104,304,285,443,358,254,201,117,44.8,42.6,46.5,1219,2.23,188,228,224,411,27,58,758,2.84,1441,222,869,350,289.0,1960.0,340937.0,212.77,1073.13,"POLYGON ((-101.1225100946246 38.69545352203124, -101.478630021974 38.69466610063184, -101.4731597226259 39.12795829831029, -101.3871589042884 39.12927096086551, -100.8082781883051 39.12875773824684, -100.8147317801257 38.69639542307623, -101.1225100946246 38.69545352203124))"
35,1222,Trego,Kansas,20,195,20195,3319,3.7,3001,3.3,2919,13,6,7,2,51,31,23,1481,1520,135,147,183,196,94,249,287,536,471,314,268,121,49.4,48.1,50.5,1358,2.16,211,223,230,508,28,46,864,2.71,1682,324,1058,300,380.0,1130.0,246439.0,116.84,899.34,"POLYGON ((-99.59543807996363 38.69132028494094, -100.150827736225 38.69455182092085, -100.1493647383474 39.12470122293894, -99.60295178964721 39.1284458261254, -99.5886995141221 39.12913637397106, -99.59543807996363 38.69132028494094))"
36,1223,Ellis,Kansas,20,051,20051,27507,30.6,28452,31.6,26682,242,74,391,5,1299,604,454,14151,14301,1847,1684,1543,2202,3940,3885,2790,3603,3129,1719,1468,642,32.3,30.8,33.9,11908,2.3,1716,2035,2229,3258,275,607,6848,2.91,12872,964,7369,4539,687.0,766.0,278742.0,156.9,900.35,"POLYGON ((-99.59543807996363 38.69132028494094, -99.5886995141221 39.12913637397106, -99.04169677643297 39.12904312670008, -99.02749791087253 39.12785681419704, -99.03396305499392 38.6931769935183, -99.58310866677424 38.68931754077641, -99.59543807996363 38.69132028494094))"
37,1224,Gove,Kansas,20,063,20063,3068,2.9,2695,2.5,2646,8,2,11,1,42,11,16,1348,1347,180,153,166,151,106,262,224,401,405,277,253,117,48.0,46.5,49.7,1154,2.29,164,171,241,463,18,33,789,2.81,1373,219,906,248,413.0,1437.0,371343.0,446.5,1071.49,"POLYGON ((-100.150827736225 38.69455182092085, -100.2428335234016 38.69370871017905, -100.6832586192698 38.6946861487951, -100.8147317801257 38.69639542307623, -100.8082781883051 39.12875773824684, -100.7157390267385 39.12911254411293, -100.161808690268 39.12528868074612, -100.1493647383474 39.12470122293894, -100.150827736225 38.69455182092085))"
38,1226,Wallace,Kansas,20,199,20199,1749,1.9,1485,1.6,1395,2,7,1,0,108,63,17,742,743,82,105,101,119,56,144,128,247,200,122,117,64,45.3,45.6,45.0,620,2.36,103,89,153,215,7,20,413,3.0,781,161,460,160,303.0,1418.0,287916.0,227.63,913.7,"POLYGON ((-101.5635244096372 38.69329256833028, -102.047568454905 38.69255052726942, -102.0489725515898 39.0370029416413, -102.0478747203861 39.12675349176517, -101.4731597226259 39.12795829831029, -101.478630021974 38.69466610063184, -101.5635244096372 38.69329256833028))"
39,1227,Russell,Kansas,20,167,20167,7370,8.2,6970,7.8,6712,54,45,34,2,115,33,90,3443,3527,398,413,406,392,315,708,715,1054,981,714,609,265,46.3,44.4,48.0,3173,2.17,498,603,515,1061,89,174,1958,2.75,3910,737,2346,827,522.0,850.0,225950.0,70.78,899.21,"POLYGON ((-99.03396305499392 38.6931769935183, -99.02749791087253 39.12785681419704, -98.48992837794013 39.1273370642694, -98.48172645159266 39.12486891261459, -98.48213233624163 38.85823745875354, -98.48210384401995 38.68773192273741, -99.02516605564547 38.69164349034297, -99.03396305499392 38.6931769935183))"
40,1228,Dickinson,Kansas,20,041,20041,19344,22.7,19754,23.2,18780,153,99,61,11,769,206,444,9732,10022,1286,1371,1346,1338,909,2153,2306,3062,2417,1682,1250,634,41.5,40.2,42.7,8073,2.41,1006,1238,1698,2684,221,543,5459,2.93,8972,899,5848,2225,1046.0,513.0,350401.0,129.34,851.92,"POLYGON ((-97.36377512883037 38.95429913958956, -97.36112747617892 39.12570233600101, -96.95741279481545 39.12566078916138, -96.95765694725331 38.96050210346738, -96.92339246047051 38.96831824513318, -96.92114235201768 38.86296297142669, -96.89050197222564 38.86091842140234, -96.89073115329609 38.81056199404605, -96.91980751733358 38.80891405574761, -96.92426509951478 38.59672812929155, -97.36389277580392 38.59818066275324, -97.36377512883037 38.95429913958956))"
41,1242,Douglas,Kansas,20,045,20045,99962,210.7,110826,233.6,93667,4357,2951,4146,65,5651,1489,4151,55573,55253,6209,6000,5607,10489,20126,17505,12001,12434,10588,5184,3100,1583,28.5,27.8,29.3,43576,2.34,6095,6901,7847,9968,1024,2519,23304,2.94,46731,3155,22992,20584,1040.0,212.0,134741.0,39.67,474.33,"POLYGON ((-95.05429997206895 38.73389144583894, -95.49502351100827 38.73021196033004, -95.49662430763084 38.86153380158677, -95.49610357342644 39.0545197005154, -95.43335831364753 39.06645597284952, -95.38274410939101 39.05397840010735, -95.34821303902129 39.03410414300668, -95.18170630861313 39.0375420662797, -95.17917360912519 38.96428198520469, -95.15964965093917 38.97054954871969, -95.12721654055845 38.96843268025629, -95.10017742217575 38.95886203938292, -95.07409211976712 38.9788622839075, -95.0519359465334 38.9745329167239, -95.05429997206895 38.73389144583894))"
42,1249,Johnson,Kansas,20,091,20091,451086,940.6,544179,1134.8,468052,23636,2014,22743,299,38949,13797,13638,265733,278446,39180,40744,40024,34414,27890,79236,78036,81839,63494,31156,18834,9332,36.4,35.2,37.5,212882,2.53,22478,32410,58277,60853,4575,12534,145262,3.08,226571,13689,150722,62160,610.0,187.0,69923.0,66.66,479.55,"POLYGON ((-94.6131481691356 38.73722244557456, -95.05429997206895 38.73389144583894, -95.0519359465334 38.9745329167239, -95.0371347036024 38.97421639404296, -95.01701572421945 38.99360633517896, -94.95121034802712 38.97969871192821, -94.93395986191571 38.9933247284206, -94.91665581042753 38.98786230328649, -94.90498249539758 38.99223777606519, -94.88412292546687 39.03883390361106, -94.86872629871065 39.04482680210897, -94.60928136022011 39.04466766009983, -94.6124696398271 38.83710892225008, -94.6131481691356 38.73722244557456))"
43,1264,Saline,Kansas,20,169,20169,53597,74.3,55606,77.1,48695,1814,295,1156,27,5403,1914,1705,27675,27931,4005,3654,3879,3919,3660,7011,6658,8058,6760,4053,2728,1221,37.7,35.8,39.5,22416,2.42,2970,3693,4473,6411,735,1756,14390,2.98,24101,1685,15033,7383,749.0,576.0,246730.0,73.42,721.18,"POLYGON ((-97.36377512883037 38.95429913958956, -97.36389277580392 38.59818066275324, -97.92473314948653 38.60164661201159, -97.92673775859647 38.86204303529442, -97.92554704275008 38.95861881941778, -97.36377512883037 38.95429913958956))"
44,1288,Morris,Kansas,20,127,20127,6104,8.7,5923,8.4,5687,25,28,14,1,212,73,95,2955,2968,307,347,381,352,247,540,585,981,861,630,465,227,47.1,46.1,48.1,2554,2.29,329,403,496,978,62,109,1735,2.79,3206,652,1978,576,479.0,863.0,154426.0,172.95,702.79,"POLYGON ((-96.81566637489932 38.51596547640145, -96.92146581643992 38.51903673068334, -96.92426509951478 38.59672812929155, -96.91980751733358 38.80891405574761, -96.89073115329609 38.81056199404605, -96.89050197222564 38.86091842140234, -96.49211554353413 38.86359674204513, -96.49268057019223 38.82095704440296, -96.38164747015568 38.81868346872027, -96.37924479880672 38.73506729392601, -96.35165629858582 38.73256111810626, -96.3528476360807 38.51474383354351, -96.81566637489932 38.51596547640145))"
45,1289,Osage,Kansas,20,139,20139,16712,23.2,16295,22.6,15796,48,112,37,5,330,45,252,8098,8197,1015,1057,1235,1102,700,1617,1838,2750,2208,1490,903,380,42.7,41.6,43.9,6552,2.46,803,888,1412,2286,206,393,4567,2.94,7503,951,5151,1401,1092.0,348.0,203919.0,44.37,719.83,"POLYGON ((-95.9439324508065 38.43069359270282, -95.9525457530311 38.68986148319047, -95.94292486223949 38.69215018565268, -95.94203968661769 38.73478599799189, -95.94111612420265 38.86323173078328, -95.49662430763084 38.86153380158677, -95.49502351100827 38.73021196033004, -95.49613766048439 38.68803026220051, -95.50989380872383 38.6859742116794, -95.50437921692202 38.4295846754347, -95.9439324508065 38.43069359270282))"
46,1290,Ellsworth,Kansas,20,053,20053,6525,9.0,6497,9.0,5991,299,36,24,0,322,37,110,3649,2848,343,312,329,341,394,853,749,1067,881,593,407,228,44.1,40.9,48.2,2463,2.24,353,383,414,966,60,129,1643,2.74,3239,776,1936,527,408.0,895.0,180278.0,80.77,723.4,"POLYGON ((-97.92362770308904 38.51589300255028, -98.47568252611592 38.51525819585105, -98.47558042035419 38.68847955863453, -98.48210384401995 38.68773192273741, -98.48213233624163 38.85823745875354, -97.92673775859647 38.86204303529442, -97.92473314948653 38.60164661201159, -97.92362770308904 38.51589300255028))"
47,1317,Miami,Kansas,20,121,20121,28351,48.0,32787,55.5,31225,426,192,116,9,828,212,607,16201,16586,2140,2523,2652,2285,1389,3569,4461,5500,3981,2342,1391,554,39.4,38.7,40.2,12161,2.64,1130,1455,3275,4203,328,758,9046,3.07,13190,1029,9540,2621,1538.0,200.0,155008.0,40.75,590.25,"POLYGON ((-95.06122876234328 38.38764940912075, -95.05429997206895 38.73389144583894, -94.6131481691356 38.73722244557456, -94.61871772502326 38.47147373254546, -94.61905351880688 38.3920320308569, -95.06122876234328 38.38764940912075))"
48,1320,Lyon,Kansas,20,111,20111,35935,42.0,33690,39.4,28140,819,234,781,17,6755,2788,911,16489,17201,2344,2218,2060,2754,4046,4325,3584,4436,3710,2144,1390,679,32.6,32.2,33.0,13303,2.42,1873,2045,2599,3526,471,1006,8138,3.03,15237,1934,8277,5026,930.0,509.0,210190.0,110.44,855.35,"POLYGON ((-95.9439324508065 38.43069359270282, -95.95446105197708 38.16739951047425, -96.352796816318 38.16388678216829, -96.3528476360807 38.51474383354351, -96.35165629858582 38.73256111810626, -95.94203968661769 38.73478599799189, -95.94292486223949 38.69215018565268, -95.9525457530311 38.68986148319047, -95.9439324508065 38.43069359270282))"
49,1321,Franklin,Kansas,20,059,20059,24784,42.9,25992,45.0,24362,329,214,100,2,937,270,715,12873,13119,1851,1942,1850,1888,1516,3036,3173,4036,3027,2006,1158,509,37.9,36.6,39.2,10104,2.53,1179,1423,2263,3203,341,746,6998,3.02,11147,1043,7184,2920,1051.0,298.0,167592.0,63.95,577.14,"POLYGON ((-95.06122876234328 38.38764940912075, -95.50192282478417 38.38768530932009, -95.50437921692202 38.4295846754347, -95.50989380872383 38.6859742116794, -95.49613766048439 38.68803026220051, -95.49502351100827 38.73021196033004, -95.05429997206895 38.73389144583894, -95.06122876234328 38.38764940912075))"
50,1332,Scott,Kansas,20,171,20171,5120,7.1,4936,6.9,4447,19,30,24,1,753,354,61,2487,2449,375,331,337,296,232,516,594,698,657,452,280,168,41.5,39.9,43.8,1983,2.44,237,304,461,685,59,80,1353,2.98,2193,210,1432,551,277.0,1636.0,326539.0,2753.4,717.72,"POLYGON ((-100.6699831089082 38.25586045084044, -101.0995825074396 38.25529407727731, -101.1165656847076 38.25670542652765, -101.1225100946246 38.69545352203124, -100.8147317801257 38.69639542307623, -100.6832586192698 38.6946861487951, -100.6699831089082 38.25586045084044))"
51,1334,Wichita,Kansas,20,203,20203,2531,3.5,2234,3.1,1972,19,11,3,0,550,190,39,1143,1091,165,159,181,135,72,257,261,318,285,198,134,69,40.3,39.6,41.3,891,2.48,128,102,217,327,23,45,638,2.97,1054,163,679,212,323.0,1609.0,398212.0,1389.26,718.51,"POLYGON ((-101.1165656847076 38.25670542652765, -101.5391256395364 38.25548383547375, -101.5608087900861 38.25683410776161, -101.5635244096372 38.69329256833028, -101.478630021974 38.69466610063184, -101.1225100946246 38.69545352203124, -101.1165656847076 38.25670542652765))"
52,1335,Lane,Kansas,20,101,20101,2155,3.0,1750,2.4,1666,8,14,4,1,74,28,29,856,894,86,115,118,109,58,170,197,258,270,177,136,56,45.9,45.2,46.8,799,2.19,127,150,157,281,14,27,502,2.79,990,191,601,198,284.0,1413.0,284111.0,658.47,717.48,"POLYGON ((-100.2398549465463 38.25129148997446, -100.6699831089082 38.25586045084044, -100.6832586192698 38.6946861487951, -100.2428335234016 38.69370871017905, -100.2398549465463 38.25129148997446))"
53,1336,Ness,Kansas,20,135,20135,3454,3.2,3107,2.9,2969,18,10,4,0,229,78,28,1559,1548,168,202,202,165,102,284,290,521,410,360,275,128,47.8,46.6,49.1,1365,2.22,229,223,255,498,32,60,874,2.8,1740,375,1098,267,521.0,1190.0,389049.0,107.08,1074.99,"POLYGON ((-100.2398549465463 38.25129148997446, -100.2428335234016 38.69370871017905, -100.150827736225 38.69455182092085, -99.59543807996363 38.69132028494094, -99.58310866677424 38.68931754077641, -99.58114436120698 38.33796291160243, -99.58047437956498 38.25136582877104, -100.2222916676448 38.25020433040289, -100.2398549465463 38.25129148997446))"
54,1337,Greeley,Kansas,20,071,20071,1534,2.0,1247,1.6,1143,6,7,4,0,171,69,18,595,652,81,68,68,80,47,136,101,240,165,106,108,47,46.7,46.6,46.9,525,2.33,63,96,123,201,4,12,356,2.88,629,104,394,131,303.0,1627.0,445156.0,380.89,778.46,"POLYGON ((-101.5608087900861 38.25683410776161, -102.0460609055534 38.25382206549678, -102.0455496514882 38.26334359614076, -102.0475841515289 38.61549937478459, -102.047568454905 38.69255052726942, -101.5635244096372 38.69329256833028, -101.5608087900861 38.25683410776161))"
55,1339,Rush,Kansas,20,165,20165,3551,4.9,3307,4.6,3213,8,16,8,0,84,24,38,1630,1677,161,183,173,194,115,309,343,521,512,319,311,166,48.5,47.2,50.1,1511,2.14,247,268,243,527,33,62,928,2.72,1869,358,1195,316,481.0,844.0,287119.0,111.57,718.32,"POLYGON ((-99.58114436120698 38.33796291160243, -99.58310866677424 38.68931754077641, -99.03396305499392 38.6931769935183, -99.02516605564547 38.69164349034297, -99.02575750236369 38.34345413978246, -99.58114436120698 38.33796291160243))"
56,1340,Barton,Kansas,20,009,20009,28205,31.3,27674,30.7,24567,399,148,54,16,3683,1945,545,13589,14085,1986,1815,1826,2007,1658,3248,2844,4186,3416,2149,1771,768,39.7,38.0,41.2,11283,2.39,1508,1908,2344,3537,297,740,7350,2.96,12696,1413,7971,3312,678.0,824.0,406192.0,417.09,900.54,"POLYGON ((-99.02575750236369 38.34345413978246, -99.02516605564547 38.69164349034297, -98.48210384401995 38.68773192273741, -98.47558042035419 38.68847955863453, -98.47568252611592 38.51525819585105, -98.48071383803385 38.25056151925479, -98.90861950349597 38.25308401334696, -99.02527038898089 38.25367546006518, -99.02575750236369 38.34345413978246))"
57,1352,McPherson,Kansas,20,113,20113,29554,32.8,29180,32.4,27763,294,110,147,21,1025,346,499,14334,14846,1818,1901,1966,1953,1763,3221,3096,4416,3707,2374,1837,1128,41.4,39.5,43.3,11748,2.41,1452,1840,2642,4136,256,539,7952,2.94,12721,973,8634,3114,1142.0,496.0,421770.0,104.86,900.96,"POLYGON ((-97.92115887798172 38.16931040607686, -97.92362770308904 38.51589300255028, -97.92473314948653 38.60164661201159, -97.36389277580392 38.59818066275324, -97.36569281076214 38.17044361943948, -97.69980156438423 38.16763910415663, -97.92115887798172 38.16931040607686))"
58,1355,Marion,Kansas,20,115,20115,13361,14.0,12660,13.3,12154,104,70,27,7,296,91,207,6372,6288,677,782,835,960,768,1102,1267,1956,1672,1244,916,481,44.6,42.4,46.2,5005,2.39,655,732,1072,1895,115,208,3452,2.88,5946,941,3945,1060,974.0,615.0,337552.0,114.17,953.58,"POLYGON ((-96.83548369936065 38.08517701975289, -97.14833554606956 38.08080558768927, -97.15150781822837 38.16576255463217, -97.36569281076214 38.17044361943948, -97.36389277580392 38.59818066275324, -96.92426509951478 38.59672812929155, -96.92146581643992 38.51903673068334, -96.81566637489932 38.51596547640145, -96.81396906735129 38.34029036348613, -96.83401215381649 38.33923760179675, -96.83548369936065 38.08517701975289))"
59,1374,Chase,Kansas,20,017,20017,3030,3.9,2790,3.6,2661,34,12,9,0,100,24,50,1422,1368,151,165,188,161,132,250,325,403,424,307,191,93,45.6,43.4,47.4,1150,2.3,156,203,250,387,23,44,746,2.9,1503,353,891,259,250.0,1280.0,67863.0,285.75,777.74,"POLYGON ((-96.51814878288315 38.08538796580147, -96.83548369936065 38.08517701975289, -96.83401215381649 38.33923760179675, -96.81396906735129 38.34029036348613, -96.81566637489932 38.51596547640145, -96.3528476360807 38.51474383354351, -96.352796816318 38.16388678216829, -96.35523186519161 38.08727798437619, -96.51814878288315 38.08538796580147))"
60,1375,Rice,Kansas,20,159,20159,10761,14.8,10083,13.8,9213,128,70,37,5,1018,362,268,5066,5017,626,682,679,831,784,1020,1015,1431,1214,911,612,278,39.2,36.6,41.7,3906,2.42,525,608,830,1306,127,204,2618,2.96,4548,642,2952,954,580.0,739.0,338841.0,318.84,728.13,"POLYGON ((-98.46892645050906 38.16683339593131, -98.47023056539777 38.24894404173153, -98.48071383803385 38.25056151925479, -98.47568252611592 38.51525819585105, -97.92362770308904 38.51589300255028, -97.92115887798172 38.16931040607686, -98.13445366990187 38.16763666936678, -98.13497259096488 38.15631474113631, -98.20478443976302 38.15367532532713, -98.20592879099412 38.1673127387082, -98.46892645050906 38.16683339593131))"
61,1397,Coffey,Kansas,20,031,20031,8865,13.6,8601,13.1,8298,47,59,36,0,176,29,132,4252,4349,491,573,639,585,347,852,1004,1396,1231,792,470,221,43.2,42.3,44.2,3497,2.42,437,478,766,1257,83,214,2451,2.89,3964,467,2684,813,681.0,477.0,168644.0,71.21,654.18,"POLYGON ((-95.51249110784894 38.03534676602513, -95.95562887043803 38.03533961706769, -95.95446105197708 38.16739951047425, -95.9439324508065 38.43069359270282, -95.50437921692202 38.4295846754347, -95.50192282478417 38.38768530932009, -95.49964261818442 38.25042905632596, -95.51144549511702 38.24964318904774, -95.51249110784894 38.03534676602513))"
62,1405,Linn,Kansas,20,107,20107,9570,15.8,9656,15.9,9307,43,63,30,6,186,59,148,4842,4814,539,641,671,586,389,939,1085,1478,1461,1044,583,240,44.8,44.6,45.0,4020,2.39,567,545,792,1504,105,177,2752,2.89,5446,1426,3221,799,918.0,289.0,133783.0,34.87,606.43,"POLYGON ((-94.61673533984623 38.03038772074221, -95.07079955862875 38.03064891670904, -95.07185024815655 38.25328920914716, -95.06225220294634 38.25551699005899, -95.06122876234328 38.38764940912075, -94.61905351880688 38.3920320308569, -94.61733030923914 38.05578485829101, -94.61673533984623 38.03038772074221))"
63,1406,Anderson,Kansas,20,003,20003,8110,13.9,8102,13.9,7843,40,39,37,1,123,42,100,4013,4089,563,597,561,522,353,821,918,1148,986,830,515,288,42.0,40.7,43.2,3260,2.45,407,512,714,1090,102,183,2213,3.0,3720,460,2509,751,715.0,514.0,214928.0,85.46,583.69,"POLYGON ((-95.07079955862875 38.03064891670904, -95.51249110784894 38.03534676602513, -95.51144549511702 38.24964318904774, -95.49964261818442 38.25042905632596, -95.50192282478417 38.38768530932009, -95.06122876234328 38.38764940912075, -95.06225220294634 38.25551699005899, -95.07185024815655 38.25328920914716, -95.07079955862875 38.03064891670904))"
64,1414,Pawnee,Kansas,20,145,20145,7233,9.6,6973,9.2,6322,325,41,32,6,461,108,139,3870,3103,385,366,437,534,345,806,760,1121,1004,608,410,197,43.1,41.0,46.1,2665,2.23,448,501,470,821,66,167,1619,2.86,3152,487,1846,819,438.0,1113.0,380858.0,730.76,754.51,"POLYGON ((-99.5651865930956 38.07523509932891, -99.5688011681431 38.24937069980031, -99.58047437956498 38.25136582877104, -99.58114436120698 38.33796291160243, -99.02575750236369 38.34345413978246, -99.02527038898089 38.25367546006518, -98.90861950349597 38.25308401334696, -98.91339086274402 38.00109072330076, -99.01399674211517 37.9977339251535, -99.34414160605186 37.99538129650664, -99.3458420736463 38.07701503431983, -99.5651865930956 38.07523509932891))"
65,1435,Hamilton,Kansas,20,075,20075,2670,2.7,2690,2.7,2134,8,33,7,3,827,467,38,1364,1326,253,223,175,179,167,394,287,358,288,181,123,62,33.7,32.7,34.8,1060,2.54,144,167,293,284,25,62,704,3.16,1236,176,743,317,431.0,1417.0,455222.0,619.55,997.47,"POLYGON ((-101.5208195943175 37.73152923296931, -102.0439765700268 37.73439860690954, -102.0460609055534 38.25382206549678, -101.5608087900861 38.25683410776161, -101.5391256395364 38.25548383547375, -101.5371539259915 37.82444345578143, -101.523169166526 37.82308934999466, -101.5208195943175 37.73152923296931))"
66,1436,Kearny,Kansas,20,093,20093,4531,5.2,3977,4.6,3472,23,39,12,1,1135,345,85,2021,1956,309,314,348,340,208,445,471,544,463,269,176,90,35.5,33.4,37.6,1400,2.78,140,155,408,430,65,104,1065,3.22,1556,156,1027,373,337.0,1541.0,359017.0,655.99,871.13,"POLYGON ((-101.08613350535 37.73128803336171, -101.5208195943175 37.73152923296931, -101.523169166526 37.82308934999466, -101.5371539259915 37.82444345578143, -101.5391256395364 38.25548383547375, -101.1165656847076 38.25670542652765, -101.0995825074396 38.25529407727731, -101.096112206642 37.82242869307975, -101.0885437918927 37.82104407471375, -101.08613350535 37.73128803336171))"
67,1439,Finney,Kansas,20,055,20055,40523,31.1,36776,28.2,28304,841,336,1237,14,17182,4995,1049,18452,18324,3532,3148,3240,3183,2671,4887,4596,4968,3462,1710,976,403,30.2,29.7,30.7,12359,2.93,1382,1415,3578,2949,567,1205,8903,3.47,13276,917,7894,4465,516.0,1473.0,567712.0,1344.05,1302.61,"POLYGON ((-100.644995275075 37.733978838778, -101.08613350535 37.73128803336171, -101.0885437918927 37.82104407471375, -101.096112206642 37.82242869307975, -101.0995825074396 38.25529407727731, -100.6699831089082 38.25586045084044, -100.2398549465463 38.25129148997446, -100.2222916676448 38.25020433040289, -100.224957348102 37.99548775380768, -100.6536444774989 37.99512315697814, -100.644995275075 37.733978838778))"
68,1440,Stafford,Kansas,20,185,20185,4789,6.0,4437,5.6,4110,13,55,17,1,529,186,55,2211,2226,252,273,320,270,212,404,445,745,586,426,340,164,45.6,43.7,47.0,1907,2.29,293,335,368,642,41,93,1216,2.9,2319,412,1494,413,558.0,900.0,386084.0,300.77,794.72,"POLYGON ((-98.47163088038772 37.81681945529789, -99.00903163575964 37.81626986624353, -99.01658502733743 37.81687638793723, -99.01399674211517 37.9977339251535, -98.91339086274402 38.00109072330076, -98.90861950349597 38.25308401334696, -98.48071383803385 38.25056151925479, -98.47023056539777 38.24894404173153, -98.46892645050906 38.16683339593131, -98.47163088038772 37.81681945529789))"
69,1441,Hodgeman,Kansas,20,083,20083,2085,2.4,1916,2.2,1806,20,3,8,0,118,48,31,958,958,114,123,132,136,57,170,191,353,244,184,159,53,46.1,46.3,45.9,803,2.37,103,118,172,292,23,30,552,2.86,973,170,630,173,379.0,1387.0,334328.0,473.18,860.23,"POLYGON ((-100.225255635761 37.91072582907325, -100.224957348102 37.99548775380768, -100.2222916676448 38.25020433040289, -99.58047437956498 38.25136582877104, -99.5688011681431 38.24937069980031, -99.5651865930956 38.07523509932891, -99.56497393751373 37.90523024935391, -100.225255635761 37.91072582907325))"
70,1458,Harvey,Kansas,20,079,20079,32869,60.8,34684,64.1,31693,564,251,256,10,3747,1100,810,16937,17747,2371,2450,2520,2513,1992,4081,3776,4879,4159,2671,2170,1102,38.9,37.2,40.6,13411,2.49,1538,2064,3097,4508,378,837,9311,3.0,14527,1116,9480,3931,829.0,408.0,273686.0,125.06,540.78,"POLYGON ((-97.697361749539 37.90900790351753, -97.69980156438423 38.16763910415663, -97.36569281076214 38.17044361943948, -97.15150781822837 38.16576255463217, -97.14833554606956 38.08080558768927, -97.14785894890677 37.91063973075971, -97.697361749539 37.90900790351753))"
71,1459,Reno,Kansas,20,155,20155,64790,50.9,64511,50.7,58469,1930,438,309,19,5209,1637,1709,32315,32196,4254,4264,4221,4445,3940,7719,7100,9349,8225,5283,3845,1866,39.8,37.8,42.1,25794,2.38,3391,4338,4893,8087,733,1869,16763,2.94,28274,2480,17764,8030,1749.0,446.0,547832.0,97.91,1271.67,"POLYGON ((-98.45673089895757 37.72574826479673, -98.45830931623509 37.81467554512591, -98.47163088038772 37.81681945529789, -98.46892645050906 38.16683339593131, -98.20592879099412 38.1673127387082, -98.20478443976302 38.15367532532713, -98.13497259096488 38.15631474113631, -98.13445366990187 38.16763666936678, -97.92115887798172 38.16931040607686, -97.69980156438423 38.16763910415663, -97.697361749539 37.90900790351753, -97.69506719322034 37.72703202069795, -97.80118657650847 37.72440016827854, -98.45673089895757 37.72574826479673))"
72,1460,Greenwood,Kansas,20,073,20073,7673,6.7,6689,5.8,6394,23,66,18,0,220,41,147,3301,3388,398,398,428,368,275,626,713,1017,981,736,532,217,46.5,45.8,47.1,2988,2.21,475,548,485,1006,106,154,1856,2.8,4068,1080,2225,763,539.0,1130.0,108469.0,162.64,1152.66,"POLYGON ((-96.51509198192825 37.60324217595071, -96.51814878288315 38.08538796580147, -96.35523186519161 38.08727798437619, -96.352796816318 38.16388678216829, -95.95446105197708 38.16739951047425, -95.95562887043803 38.03533961706769, -95.95642048796464 37.72937066225417, -95.95910963565166 37.6000895893269, -96.51509198192825 37.60324217595071))"
73,1479,Butler,Kansas,20,015,20015,59482,41.1,65880,45.5,61576,1096,636,467,45,2602,599,1461,33178,32702,4367,4910,5288,5276,3916,7465,8287,10243,7801,4169,2886,1272,37.2,35.9,38.5,23992,2.65,2451,3008,6363,7755,751,1655,17546,3.11,26058,2066,18354,5638,1427.0,552.0,314748.0,164.78,1446.47,"POLYGON ((-97.14275925565678 37.47304645090319, -97.14785894890677 37.91063973075971, -97.14833554606956 38.08080558768927, -96.83548369936065 38.08517701975289, -96.51814878288315 38.08538796580147, -96.51509198192825 37.60324217595071, -96.51515963800375 37.47251758346461, -97.14275925565678 37.47304645090319))"
74,1483,Edwards,Kansas,20,047,20047,3449,5.5,3037,4.9,2758,21,21,12,0,534,193,32,1511,1526,180,200,204,188,112,299,346,510,417,292,195,94,44.7,44.5,44.9,1302,2.31,206,196,262,451,41,58,854,2.88,1636,334,995,307,371.0,1184.0,328015.0,466.28,622.02,"POLYGON ((-99.0084066718279 37.73101585493852, -99.55207245231688 37.7309372682107, -99.56497393751373 37.90523024935391, -99.5651865930956 38.07523509932891, -99.3458420736463 38.07701503431983, -99.34414160605186 37.99538129650664, -99.01399674211517 37.9977339251535, -99.01658502733743 37.81687638793723, -99.00903163575964 37.81626986624353, -99.0084066718279 37.73101585493852))"
75,1490,Woodson,Kansas,20,207,20207,3788,7.5,3309,6.5,3161,12,37,2,0,69,33,64,1655,1654,178,188,199,147,135,341,321,521,529,321,285,144,48.1,47.3,48.8,1524,2.15,260,277,213,515,41,76,905,2.75,2022,498,1189,335,339.0,772.0,107416.0,110.23,505.23,"POLYGON ((-95.52385748394525 37.72936470478963, -95.95642048796464 37.72937066225417, -95.95562887043803 38.03533961706769, -95.51249110784894 38.03534676602513, -95.51221551035916 37.81553471511992, -95.52333923633476 37.81517229406003, -95.52385748394525 37.72936470478963))"
76,1491,Allen,Kansas,20,001,20001,14385,28.5,13371,26.5,12478,249,108,68,2,392,131,335,6525,6846,880,846,882,1018,766,1466,1428,1935,1705,1190,849,406,40.8,38.7,43.1,5475,2.37,662,944,982,1726,215,399,3587,2.88,6226,751,3958,1517,611.0,438.0,145419.0,50.73,505.31,"POLYGON ((-95.08314699962386 37.7278424948949, -95.52385748394525 37.72936470478963, -95.52333923633476 37.81517229406003, -95.51221551035916 37.81553471511992, -95.51249110784894 38.03534676602513, -95.07079955862875 38.03064891670904, -95.08314699962386 37.7278424948949))"
77,1492,Bourbon,Kansas,20,011,20011,15379,24.1,15173,23.7,14115,427,114,69,5,309,89,354,7430,7743,1120,1076,1036,1225,936,1677,1506,2025,1944,1271,937,420,38.2,35.8,40.7,5986,2.47,711,1018,1227,1821,191,446,3960,3.04,7167,1181,4244,1742,928.0,353.0,139863.0,45.96,639.02,"POLYGON ((-95.08301650524852 37.67559060953975, -95.08314699962386 37.7278424948949, -95.07079955862875 38.03064891670904, -94.61673533984623 38.03038772074221, -94.61929368233369 37.6798689497445, -95.08301650524852 37.67559060953975))"
78,1503,Gray,Kansas,20,069,20069,5904,6.8,6006,6.9,5610,26,28,13,0,855,254,75,2950,3056,508,489,504,473,309,740,748,825,649,411,228,122,34.7,34.6,34.9,2153,2.75,240,247,686,697,49,104,1602,3.26,2340,187,1570,583,473.0,1155.0,425900.0,1461.69,869.33,"POLYGON ((-100.2090451157412 37.46993245828876, -100.6439577437732 37.47196296941843, -100.644995275075 37.733978838778, -100.6536444774989 37.99512315697814, -100.224957348102 37.99548775380768, -100.225255635761 37.91072582907325, -100.2255691538077 37.8250559867437, -100.206975751582 37.82214149148513, -100.2090451157412 37.46993245828876))"
79,1522,Ford,Kansas,20,057,20057,32458,29.5,33848,30.8,25494,719,348,489,55,17321,5831,912,17470,16378,3254,2887,2711,2798,2484,4926,4205,4175,3031,1640,1154,583,30.5,29.6,31.5,11145,2.97,1283,1244,3284,2712,451,1002,7995,3.51,12005,860,7148,3997,664.0,955.0,491108.0,713.97,1099.18,"POLYGON ((-100.2090451157412 37.46993245828876, -100.206975751582 37.82214149148513, -100.2255691538077 37.8250559867437, -100.225255635761 37.91072582907325, -99.56497393751373 37.90523024935391, -99.55207245231688 37.7309372682107, -99.55504807634198 37.46258400349097, -100.1064189306362 37.46879908951401, -100.2090451157412 37.46993245828876))"
80,1523,Sedgwick,Kansas,20,173,20173,452869,448.8,498365,493.9,380482,46167,5739,20385,412,64636,25302,19878,246042,252323,39302,37627,36558,35231,34847,70319,61661,70411,55440,29289,19389,8291,34.3,33.4,35.1,193502,2.54,26563,28955,42991,49998,6437,17070,126896,3.15,211593,18091,126535,66967,1419.0,360.0,405081.0,59.98,1009.05,"POLYGON ((-97.80012013855269 37.46626229750696, -97.80118657650847 37.72440016827854, -97.69506719322034 37.72703202069795, -97.697361749539 37.90900790351753, -97.14785894890677 37.91063973075971, -97.14275925565678 37.47304645090319, -97.80012013855269 37.46626229750696))"
81,1543,Pratt,Kansas,20,151,20151,9647,13.1,9656,13.1,9083,114,58,27,1,525,187,186,4761,4895,639,587,615,725,655,1064,914,1391,1244,838,621,363,40.9,38.1,43.7,3956,2.34,534,685,754,1291,101,243,2544,2.93,4514,558,2845,1111,538.0,892.0,321131.0,322.69,735.81,"POLYGON ((-98.45693795970318 37.46589319372599, -99.0034401667633 37.46429224169131, -99.0084066718279 37.73101585493852, -99.00903163575964 37.81626986624353, -98.47163088038772 37.81681945529789, -98.45830931623509 37.81467554512591, -98.45673089895757 37.72574826479673, -98.45693795970318 37.46589319372599))"
82,1562,Stanton,Kansas,20,187,20187,2406,3.5,2235,3.3,1870,13,27,3,1,828,271,50,1141,1094,183,168,186,171,111,275,277,283,233,167,121,60,35.9,34.8,36.9,825,2.65,100,103,247,255,19,48,593,3.19,990,165,605,220,328.0,1263.0,358273.0,554.12,680.42,"POLYGON ((-101.5531536035708 37.38928890288531, -102.0420106585343 37.38627945082246, -102.0444559128037 37.64147423050569, -102.0439765700268 37.73439860690954, -101.5208195943175 37.73152923296931, -101.5201329317748 37.39020842458527, -101.5531536035708 37.38928890288531))"
83,1563,Haskell,Kansas,20,081,20081,4307,7.5,4256,7.4,3641,12,28,10,0,1149,479,86,2130,2126,345,356,374,379,203,505,505,609,524,221,181,54,34.4,33.2,35.6,1510,2.8,147,184,476,509,37,74,1136,3.28,1666,156,1089,421,248.0,1608.0,327599.0,2896.34,577.84,"POLYGON ((-101.0810861341798 37.3890317994376, -101.08613350535 37.73128803336171, -100.644995275075 37.733978838778, -100.6439577437732 37.47196296941843, -100.6466730525001 37.38720684673641, -101.0671855562784 37.38853214947726, -101.0810861341798 37.3890317994376))"
84,1564,Grant,Kansas,20,067,20067,7909,13.8,7829,13.6,6368,47,96,27,0,3439,1109,182,4000,3829,705,692,690,560,454,1065,914,1058,871,460,277,83,32.7,31.9,33.6,2716,2.85,297,277,871,837,91,173,2072,3.32,2945,229,2017,699,326.0,1035.0,271968.0,1769.66,575.06,"POLYGON ((-101.0810861341798 37.3890317994376, -101.5201329317748 37.39020842458527, -101.5208195943175 37.73152923296931, -101.08613350535 37.73128803336171, -101.0810861341798 37.3890317994376))"
85,1566,Kiowa,Kansas,20,097,20097,3278,4.5,2553,3.5,2441,17,24,16,1,99,28,26,1257,1296,132,139,154,247,162,255,272,355,355,218,176,88,41.9,41.9,41.9,1014,2.37,132,156,210,388,21,42,690,2.89,1220,206,707,307,399.0,1104.0,228184.0,126.47,722.74,"POLYGON ((-99.00509634190401 37.38043543713388, -99.54161238789047 37.37849035086525, -99.55494136002073 37.37825008373035, -99.55504807634198 37.46258400349097, -99.55207245231688 37.7309372682107, -99.0084066718279 37.73101585493852, -99.0034401667633 37.46429224169131, -99.00509634190401 37.38043543713388))"
86,1567,Wilson,Kansas,20,205,20205,10332,18.0,9409,16.4,8995,31,99,36,5,217,34,209,4622,4787,611,614,631,603,428,1015,989,1411,1294,942,582,289,43.2,42.0,44.4,3933,2.36,522,652,791,1278,118,244,2600,2.91,4682,749,2980,953,553.0,603.0,184779.0,80.25,575.06,"POLYGON ((-95.52619710977822 37.38295016062014, -95.95792637958695 37.38254790225393, -95.95910963565166 37.6000895893269, -95.95642048796464 37.72937066225417, -95.52385748394525 37.72936470478963, -95.52619710977822 37.38295016062014))"
87,1568,Neosho,Kansas,20,133,20133,16997,29.4,16512,28.6,15542,197,179,83,6,686,180,325,8151,8361,1137,1100,1132,1236,923,1790,1839,2403,2086,1427,976,463,40.2,38.9,41.5,6645,2.42,851,1051,1345,2157,241,452,4475,2.92,7513,868,4818,1827,775.0,415.0,166135.0,62.23,577.83,"POLYGON ((-95.08406351668953 37.38125176518729, -95.51821669750338 37.38119167250154, -95.52619710977822 37.38295016062014, -95.52385748394525 37.72936470478963, -95.08314699962386 37.7278424948949, -95.08301650524852 37.67559060953975, -95.08406351668953 37.38125176518729))"
88,1570,Kingman,Kansas,20,095,20095,8673,10.0,7858,9.1,7611,14,47,36,2,199,49,99,3898,3960,457,511,564,530,359,734,817,1277,1039,738,558,274,44.5,43.2,45.6,3227,2.38,460,489,676,1141,69,143,2151,2.93,3818,591,2509,718,876.0,624.0,331995.0,59.42,866.86,"POLYGON ((-97.80075406458323 37.38371686040377, -98.34920555403919 37.37968919994583, -98.45472473572644 37.37830136972939, -98.45693795970318 37.46589319372599, -98.45673089895757 37.72574826479673, -97.80118657650847 37.72440016827854, -97.80012013855269 37.46626229750696, -97.80075406458323 37.38371686040377))"
89,1579,Crawford,Kansas,20,037,20037,38242,64.3,39134,65.8,35685,785,354,476,79,1762,730,1025,19421,19713,2486,2411,2406,3206,5041,5005,4107,4794,4215,2707,1734,1022,32.8,30.4,35.2,15729,2.38,2090,2596,2866,3995,465,1155,9285,2.96,17801,2072,9665,6064,911.0,376.0,180324.0,62.98,595.02,"POLYGON ((-95.07175565398055 37.33561820849813, -95.07200866490915 37.37970287621225, -95.08406351668953 37.38125176518729, -95.08301650524852 37.67559060953975, -94.61929368233369 37.6798689497445, -94.61899606812715 37.65037431989261, -94.61876445226683 37.36076647944149, -94.61897752228103 37.32773228679122, -95.07175565398055 37.33561820849813))"
90,1601,Elk,Kansas,20,049,20049,3261,5.0,2882,4.4,2742,0,42,12,1,79,19,66,1428,1454,171,162,155,174,112,233,289,419,467,372,223,105,48.6,47.0,50.1,1284,2.21,192,222,188,471,34,79,824,2.76,1760,476,1025,259,361.0,877.0,65229.0,82.71,650.45,"POLYGON ((-96.51297076192553 37.29766869317423, -96.51515963800375 37.47251758346461, -96.51509198192825 37.60324217595071, -95.95910963565166 37.6000895893269, -95.95792637958695 37.38254790225393, -95.95818773096589 37.29356488077833, -96.51297076192553 37.29766869317423))"
91,1629,Sumner,Kansas,20,191,20191,25946,21.9,24132,20.4,22705,230,282,56,4,1097,270,585,12039,12093,1608,1755,1786,1689,1188,2615,2693,3894,3118,1838,1326,622,40.4,38.9,41.9,9454,2.51,1207,1329,2128,3118,321,583,6574,3.03,10865,1411,7134,2320,1099.0,646.0,571229.0,67.96,1184.9,"POLYGON ((-97.80424995657638 36.99856760708467, -97.80075406458323 37.38371686040377, -97.80012013855269 37.46626229750696, -97.14275925565678 37.47304645090319, -97.13769282060012 36.99980826202507, -97.46540491504093 36.99646716050177, -97.80424995657638 36.99856760708467))"
92,1630,Cowley,Kansas,20,035,20035,36291,32.0,36311,32.1,31317,1004,724,586,17,3292,1413,1250,18111,18200,2459,2422,2482,2816,2494,4095,4222,5113,4482,2930,1876,920,38.4,37.2,39.8,13940,2.46,1757,2199,2817,4290,504,1081,9326,2.98,16030,2090,9540,4400,1027.0,560.0,225771.0,64.47,1132.49,"POLYGON ((-96.7486961848803 37.00016607252545, -97.13769282060012 36.99980826202507, -97.14275925565678 37.47304645090319, -96.51515963800375 37.47251758346461, -96.51297076192553 37.29766869317423, -96.519187712894 37.00057781103087, -96.7486961848803 37.00016607252545))"
93,1632,Meade,Kansas,20,119,20119,4631,4.7,4575,4.7,4242,31,35,19,0,676,172,76,2324,2251,340,320,414,358,200,474,557,626,501,333,309,143,38.6,36.8,40.1,1713,2.6,199,236,466,579,43,98,1239,3.12,1998,285,1249,464,448.0,1344.0,380498.0,434.36,979.62,"POLYGON ((-100.6342456260682 36.99783235235297, -100.6351141725933 37.38485696370364, -100.6466730525001 37.38720684673641, -100.6439577437732 37.47196296941843, -100.2090451157412 37.46993245828876, -100.1064189306362 37.46879908951401, -100.1091886336045 37.38314509922053, -100.0947304888267 37.381619211239, -100.0885739931723 36.99765248872806, -100.6342456260682 36.99783235235297))"
94,1633,Clark,Kansas,20,025,20025,2390,2.4,2215,2.3,2047,1,14,17,2,163,68,66,1074,1141,145,140,168,147,78,209,223,322,296,213,164,110,44.9,41.7,47.1,923,2.34,114,167,185,317,22,54,613,2.88,1135,212,670,253,278.0,1748.0,165197.0,444.41,977.13,"POLYGON ((-99.54463971234692 36.99546288739329, -99.99926175702608 36.99541750705474, -100.0885739931723 36.99765248872806, -100.0947304888267 37.381619211239, -100.1091886336045 37.38314509922053, -100.1064189306362 37.46879908951401, -99.55504807634198 37.46258400349097, -99.55494136002073 37.37825008373035, -99.54161238789047 37.37849035086525, -99.54463971234692 36.99546288739329))"
95,1635,Barber,Kansas,20,007,20007,5307,4.7,4861,4.3,4673,22,27,20,0,119,52,67,2451,2410,307,271,295,322,228,510,460,778,699,487,352,152,45.5,44.6,46.4,2139,2.25,336,353,367,759,65,108,1360,2.82,2765,626,1604,535,427.0,1432.0,197682.0,150.99,1136.12,"POLYGON ((-98.54021963581482 36.99837593213876, -98.99951611438424 36.99807277489998, -98.99880189209256 37.37803986293832, -99.00509634190401 37.38043543713388, -99.0034401667633 37.46429224169131, -98.45693795970318 37.46589319372599, -98.45472473572644 37.37830136972939, -98.34920555403919 37.37968919994583, -98.34714359785758 36.99906150679663, -98.54021963581482 36.99837593213876))"
96,1650,Stevens,Kansas,20,189,20189,5463,7.5,5724,7.9,4985,16,49,15,1,1866,570,88,2840,2884,485,498,469,442,309,707,711,792,559,361,247,144,34.3,33.8,34.9,2044,2.77,214,268,661,616,61,95,1502,3.3,2306,262,1509,535,425.0,1185.0,402149.0,548.04,727.68,"POLYGON ((-101.071604181822 36.99746671944264, -101.5536760991125 36.99669302611369, -101.5531536035708 37.38928890288531, -101.5201329317748 37.39020842458527, -101.0810861341798 37.3890317994376, -101.0671855562784 37.38853214947726, -101.071604181822 36.99746671944264))"
97,1651,Morton,Kansas,20,129,20129,3496,4.8,3233,4.4,2841,14,34,60,5,623,221,58,1572,1661,214,252,253,246,146,339,387,472,376,260,170,118,38.9,38.5,39.3,1250,2.52,163,175,301,407,45,74,867,3.06,1467,217,865,385,353.0,1252.0,366103.0,337.52,729.97,"POLYGON ((-102.0245194390516 36.98887574475903, -102.0372075952141 36.98899390977297, -102.0420106585343 37.38627945082246, -101.5531536035708 37.38928890288531, -101.5536760991125 36.99669302611369, -102.0245194390516 36.98887574475903))"
98,1652,Seward,Kansas,20,175,20175,22510,35.2,22952,35.8,16171,774,176,611,43,12990,4471,706,11830,11122,2301,2088,1835,1995,1866,3302,2996,2723,1898,1030,648,270,29.0,28.0,30.1,7460,3.01,763,831,2354,1706,332,725,5498,3.51,8061,601,4807,2653,342.0,1158.0,293292.0,1057.47,640.39,"POLYGON ((-100.9505868374612 36.99666168466983, -101.071604181822 36.99746671944264, -101.0671855562784 37.38853214947726, -100.6466730525001 37.38720684673641, -100.6351141725933 37.38485696370364, -100.6342456260682 36.99783235235297, -100.9505868374612 36.99666168466983))"
99,1653,Harper,Kansas,20,077,20077,6536,8.1,6034,7.5,5711,22,69,5,13,298,128,86,2985,3049,406,365,395,374,270,624,634,804,855,641,436,230,44.2,41.9,46.6,2545,2.32,352,417,464,864,88,154,1671,2.85,3116,571,1874,671,495.0,972.0,315794.0,188.73,802.9,"POLYGON ((-97.80424995657638 36.99856760708467, -98.10452906652267 36.99867137057565, -98.34714359785758 36.99906150679663, -98.34920555403919 37.37968919994583, -97.80075406458323 37.38371686040377, -97.80424995657638 36.99856760708467))"
100,1654,Montgomery,Kansas,20,125,20125,36252,55.6,35471,54.4,29561,2059,1188,205,38,1844,670,1750,17404,18067,2437,2369,2173,2701,2161,4065,3901,5052,4456,3120,1971,1065,39.9,37.7,41.9,14382,2.39,1875,2384,2644,4398,465,1168,9412,2.93,16578,2196,10080,4302,994.0,316.0,152406.0,40.16,651.45,"POLYGON ((-95.95796093288125 37.00008287523811, -95.95818773096589 37.29356488077833, -95.95792637958695 37.38254790225393, -95.52619710977822 37.38295016062014, -95.51821669750338 37.38119167250154, -95.5260188002745 37.00101881881857, -95.78574860917787 36.99811395911134, -95.95796093288125 37.00008287523811))"
101,1655,Labette,Kansas,20,099,20099,22835,35.0,21607,33.1,19024,1008,467,77,5,875,153,873,10697,10910,1498,1379,1447,1584,1280,2325,2457,3262,2788,1824,1151,612,40.5,38.4,42.4,8822,2.39,1190,1473,1603,2672,309,742,5733,2.94,10092,1270,6194,2628,1052.0,353.0,193385.0,85.49,653.18,"POLYGON ((-95.5260188002745 37.00101881881857, -95.51821669750338 37.38119167250154, -95.08406351668953 37.38125176518729, -95.07200866490915 37.37970287621225, -95.07175565398055 37.33561820849813, -95.07193111426211 37.00147806162816, -95.40662245611168 37.00061557617562, -95.5260188002745 37.00101881881857))"
102,1656,Comanche,Kansas,20,033,20033,1967,2.5,1891,2.4,1825,6,4,5,2,73,25,24,911,980,100,116,148,94,65,170,186,278,279,233,161,61,47.5,46.8,48.1,824,2.22,114,164,164,288,16,33,520,2.8,1044,220,634,190,253.0,1709.0,128533.0,212.79,789.73,"POLYGON ((-99.43747362844202 36.99455838886477, -99.54463971234692 36.99546288739329, -99.54161238789047 37.37849035086525, -99.00509634190401 37.38043543713388, -98.99880189209256 37.37803986293832, -98.99951611438424 36.99807277489998, -99.43747362844202 36.99455838886477))"
103,1668,Cherokee,Kansas,20,021,20021,22605,38.2,21603,36.5,19513,118,876,64,65,424,114,853,10740,10863,1398,1512,1586,1436,1157,2301,2704,3276,2785,1963,1029,456,40.5,39.2,41.7,8625,2.48,1077,1244,1841,2695,281,654,5927,2.98,9890,1265,6347,2278,809.0,401.0,235277.0,109.39,591.06,"POLYGON ((-95.07193111426211 37.00147806162816, -95.07175565398055 37.33561820849813, -94.61897752228103 37.32773228679122, -94.62066384737268 37.0601475349965, -94.62037965041235 36.99704684770303, -95.03274508832095 37.00077943235235, -95.07193111426211 37.00147806162816))"
104,1680,Chautauqua,Kansas,20,019,20019,4359,6.8,3669,5.7,3331,16,150,3,2,87,29,138,1861,1808,178,204,218,237,141,350,347,569,529,469,288,139,48.0,46.5,49.5,1612,2.23,276,272,280,546,35,82,1009,2.8,2150,538,1246,366,359.0,859.0,51634.0,76.68,644.77,"POLYGON ((-96.00604969021535 36.9983338154547, -96.519187712894 37.00057781103087, -96.51297076192553 37.29766869317423, -95.95818773096589 37.29356488077833, -95.95796093288125 37.00008287523811, -96.00604969021535 36.9983338154547))"
